{"cameraMode":{"drawMode":0,"name":"Shaded","section":"Shading Mode"},"sceneLighting":true,"audioPlay":false,"sceneViewState":{"showFog":true,"showMaterialUpdate":false,"showSkybox":true,"showFlares":true,"showImageEffects":true,"showParticleSystems":true},"in2DMode":false,"pivot":{"x":280.77337646484377,"y":44.48078918457031,"z":186.5791473388672},"rotation":{"x":-0.09138210862874985,"y":-0.6542312502861023,"z":0.08009028434753418,"w":-0.746469259262085},"size":433.18414306640627,"orthographic":false}