{"cameraMode":{"drawMode":0,"name":"Shaded","section":"Shading Mode"},"sceneLighting":true,"audioPlay":false,"sceneViewState":{"showFog":true,"showMaterialUpdate":false,"showSkybox":true,"showFlares":true,"showImageEffects":true,"showParticleSystems":true},"in2DMode":false,"pivot":{"x":180.85595703125,"y":5.084737777709961,"z":239.74618530273438},"rotation":{"x":-0.07622665166854859,"y":-0.45550215244293215,"z":0.039184022694826129,"w":-0.8860992789268494},"size":9.347973823547364,"orthographic":false}