{"cameraMode":{"drawMode":0,"name":"Shaded","section":"Shading Mode"},"sceneLighting":true,"audioPlay":false,"sceneViewState":{"showFog":true,"showMaterialUpdate":false,"showSkybox":true,"showFlares":true,"showImageEffects":true,"showParticleSystems":true},"in2DMode":false,"pivot":{"x":86.80169677734375,"y":-264.75799560546877,"z":278.744384765625},"rotation":{"x":0.3621378540992737,"y":-0.4863963723182678,"z":0.23155568540096284,"w":0.7606949210166931},"size":686.19189453125,"orthographic":false}