{"cameraMode":{"drawMode":0,"name":"Shaded","section":"Shading Mode"},"sceneLighting":true,"audioPlay":false,"sceneViewState":{"showFog":true,"showMaterialUpdate":false,"showSkybox":true,"showFlares":true,"showImageEffects":true,"showParticleSystems":true},"in2DMode":false,"pivot":{"x":244.32049560546876,"y":0.0,"z":284.480712890625},"rotation":{"x":0.01155765075236559,"y":0.9714689254760742,"z":-0.23188379406929017,"w":0.04842022433876991},"size":910.5073852539063,"orthographic":false}