{"cameraMode":{"drawMode":0,"name":"Shaded","section":"Shading Mode"},"sceneLighting":true,"audioPlay":false,"sceneViewState":{"showFog":true,"showMaterialUpdate":false,"showSkybox":true,"showFlares":true,"showImageEffects":true,"showParticleSystems":true},"in2DMode":false,"pivot":{"x":162.29690551757813,"y":0.0,"z":241.7764129638672},"rotation":{"x":-0.01971793919801712,"y":0.3793375790119171,"z":-0.008086498826742173,"w":-0.9250128865242004},"size":18.95494842529297,"orthographic":false}